X,Y,OBJECTID,ESTABLISH,LOCATION,LICENSE_TY,ESTABLISHMENTID
3117344.220048666000366,1457074.280056357383728,1,Austin's American Grill,100 West Mountain,Hotel-Restaurant,3001
3116870.209840223193169,1454297.319733768701553,2,Avogadro's Number,605 South Mason,Hotel-Restaurant,3002
3117130.990160465240479,1453856.04994136095047,3,B&B'S Pickle Barrel,122-124 West Laurel,Hotel-Restaurant,3003
3117341.880480661988258,1457805.399657040834427,4,Beau Jo's Pizza,205 North College Avenue,Hotel-Restaurant,3004
3112138.310187816619873,1457124.019784405827522,5,Beavers Supermarket No. 3,1100 West Mountain,Fermented Malt Beverage (off-premises),3005
3117616.230336919426918,1456768.099240064620972,6,Bisetti's Italian Restaurant,120 South College Avenue,Hotel-Restaurant,3006
3118359.48048160970211,1465720.649568408727646,7,Bullfrog Wine & Spirits,1820 North College Avenue,Retail Liquor Store,3008
3110803.953930586576462,1452153.652099773287773,8,Campus West Liquor Depot,1107 City Park Avenue,Retail Liquor Store,3012
3117313.500288635492325,1454233.339877709746361,9,Canino's Italian Restaurant,613 South College Avenue,Beer and Wine,3013
3117019.450352370738983,1438242.890550822019577,10,Midtown Arts Center,3750 South Mason Street,Lodging & Entertainment,3014
3118390.600497648119926,1441126.370025500655174,11,"Chesterfield, Bottomsly and Potts",195 East Foothills Parkway,Hotel-Restaurant,3015
3110355.76551416516304,1452153.906371772289276,12,Potts Clubhouse,1427 West Elizabeth Street,Brew Pub,3016
3117795.320529088377953,1439289.39075979590416,13,Chili's Hamburger Grill and Bar,3524 South College Avenue,Hotel-Restaurant,3017
3117361.200656682252884,1449340.219729155302048,14,Chuck E. Cheese's,105 West Prospect Road,Hotel-Restaurant,3018
3107168.57077519595623,1457848.329353079199791,15,City Park Liquor,2016 West LaPorte Avenue,Retail Liquor Store,3019
3111802.920107513666153,1449545.340065345168114,16,Prospect Liquors,"1115 West Prospect Avenue, Suite 105",Retail Liquor Store,3020
3117813.879873111844063,1457100.530008375644684,17,Coopersmith's Pub and Brewing,#5 Old Town Square,Brew Pub,3021
3112080.440219774842262,1448229.49984011054039,18,Creekside Liquors,1005 West Stuart Street #A3,Retail Liquor Store,3023
3117617.299888923764229,1456667.89963997900486,19,Crown Pub (The),134 South College Avenue,Hotel-Restaurant,3024
3128250.810106828808784,1434315.870515152812004,20,CIRCLE K #2741152,4502 Timberline Road,Fermented Malt Beverage (off-premises),3025
3118768.73064199090004,1458109.649369314312935,21,El Burrito,404 Linden Street,Hotel-Restaurant,3027
3118209.710769474506378,1457483.009224742650986,22,Elliot's Martini Bar,234 Linden Street,Tavern,3028
3121227.140756279230118,1433104.150178030133247,23,Fort Collins Warehouse Liquors,4700 Boardwalk Drive,Retail Liquor Store,3030
3112368.500668033957481,1460447.639771491289139,24,Smoker Friendly/Gasamat,1054 West Vine Drive,Fermented Malt Beverage (off-premises),3031
3121237.220468297600746,1433685.271058574318886,25,Hunan Chinese Restaurant of Fort Collins,"731 East Harmony Road, Suite 300",Hotel-Restaurant,3032
3111767.392939478158951,1452276.245027884840965,26,Jim's Wings,1205-C West Elizabeth Street,Beer and Wine,3034
3117074.472880423069,1445982.407550022006035,27,King Soopers #18,2325 South College Avenue,Fermented Malt Beverage (off-premises),3035
3118626.551137864589691,1434393.392995238304138,28,King Soopers #73,4503 John F. Kennedy Parkway,Fermented Malt Beverage (off-premises),3036
3117658.170208960771561,1457690.169576928019524,29,La Luz Mexican Grill,"200 Walnut, Suite A",Hotel-Restaurant,3037
3117615.260512918233871,1454108.40966959297657,30,Los Tarascos,622 South College Avenue,Hotel-Restaurant,3040
3117661.289952963590622,1457177.629592448472977,31,Lucky Joe's Sidewalk Saloon,25 Old Town Square,Tavern,3041
3123568.689558461308479,1427309.720492631196976,32,MacKenzie's Pub and Grill,5750 South Lemay Avenue,Hotel-Restaurant,3042
3117420.940368741750717,1465714.349712401628494,33,Loaf 'N Jug  #858,1801 North College Avenue,Fermented Malt Beverage (off-premises),3043
3117704.84990499913692,1443981.130396157503128,34,Moot House Restaurant,2626 South College Avenue,Hotel-Restaurant,3044
3117801.810017094016075,1436674.110229358077049,35,Mt. Fuji,"4020 South College Avenue, Suite 1",Hotel-Restaurant,3045
3122106.810581102967262,1433563.02032245695591,36,Nimo's Sushi and Japanese Restaurant,"921 East Harmony Road, #104",Beer and Wine,3046
3117316.190896645188332,1456629.209415942430496,37,Old Chicago,147 South College Avenue,Hotel-Restaurant,3047
3117200.830240532755852,1437291.660165935754776,38,Olive Garden Italian Restaurant #376,3905 South College Avenue,Hotel-Restaurant,3048
3111874.390427574515343,1444566.710588708519936,39,Pitchers Brewery,1100 West Drake Road,Brew Pub,3051
3106731.690422788262367,1444585.502204731106758,40,Pringle Brothers Fine Wine and Spirits,2100 West Drake Road #11,Retail Liquor Store,3052
3116738.680240109562874,1453882.239845380187035,41,Rainbow Restaurant,212 West Laurel Street,Hotel-Restaurant,3055
3117348.190832674503326,1440604.400265023112297,42,Red Lobster Restaurant #0393,3301 South College Avenue,Hotel-Restaurant,3056
3121003.12053208053112,1433595.84078648686409,43,Red Robin Gourmet Burgers & Brews,701 East Harmony Road,Hotel-Restaurant,3057
3115027.580654516816139,1455142.219622552394867,44,Rich's Aggie Discount Liquor,429 Canyon Avenue,Retail Liquor Store,3058
3117145.540656492114067,1456827.959688127040863,45,Rio Grande Mexican Restaurant,143 West Mountain Avenue,Hotel-Restaurant,3059
3106432.856374502182007,1452122.742707744240761,46,Saddle Up Liquor,1015 South Taft Hill Road,Retail Liquor Store,3061
3124595.109415426850319,1434286.69013112783432,47,Safeway #1552,1426 East Harmony Road,Fermented Malt Beverage (off-premises),3062
3106525.490694597363472,1445107.364349216222763,48,Safeway Store #2913,2160 West Drake Road,Fermented Malt Beverage (off-premises),3064
3118016.320081293582916,1455050.109558463096619,49,7-Eleven #20104A,430 Remington Street,Fermented Malt Beverage (off-premises),3065
3117694.100256994366646,1443160.230779394507408,50,South College Liquors,2724 South College Avenue,Retail Liquor Store,3069
3117661.289952963590622,1457177.629912450909615,51,"Rec Room @ The Yeti, The","Bldg. 23, Suite 152, Old Town Square",Tavern,3071
3117114.090592458844185,1456592.920119911432266,52,Taj Mahal Restaurant,148 West Oak Street,Hotel-Restaurant,3072
3117618.799872919917107,1456160.729383498430252,53,"Whiskey at Tony's Restaurant, The",224 South College Avenue,Tavern,3073
3122703.580725654959679,1433297.320386216044426,54,CIRCLE K #2744104,4701 South Lemay Avenue,Fermented Malt Beverage (off-premises),3075
3112104.510379791259766,1445318.670365408062935,55,CIRCLE K #2744105,2501 South Shields Street,Fermented Malt Beverage (off-premises),3076
3117593.310096904635429,1457117.329512387514114,56,Town Pump (The),124 North College Avenue,Tavern,3077
3117119.17062446475029,1457119.499128401279449,57,Trail Head Tavern,148 West Mountain Avenue,Tavern,3078
3121673.510276705026627,1454295.629109770059586,58,VFW Post #1781,603 Lesser Drive,Club,3080
3118004.780081287026405,1457570.42997682094574,59,"East Coast, The",223 B Linden Street,Tavern,3081
3117002.910368353128433,1440601.730329006910324,60,Young's Café,3307 South College Avenue #114,Hotel-Restaurant,3083
3117094.590304434299469,1457120.879368394613266,61,Steak-Out Saloon,152 West Mountain Avenue,Tavern,3085
3122767.260053724050522,1457407.149464666843414,62,Back Porch Cafe,1101 East Lincoln Avenue,Hotel-Restaurant,3086
3119176.51001837849617,1434047.355970904231071,63,Crystal's Liquor,"356 East Harmony, Unit #6C",Retail Liquor Store,3087
3127856.629466459155083,1433222.220802143216133,64,Old Chicago,4709 South Timberline Road,Hotel-Restaurant,3091
3117238.060480564832687,1457120.109688401222229,65,Comet Chicken,126 West Mountain Avenue,Hotel-Restaurant,3093
3127387.099242016673088,1433309.750818222761154,66,Texas Roadhouse,4633 Timberline Road,Hotel-Restaurant,3094
3117046.059888392686844,1456604.769511923193932,67,Fish,150 West Oak Street,Tavern,3095
3117364.80990469455719,1453807.23934930562973,68,Chipotle Mexican Grill,649 South College Avenue,Hotel-Restaurant,3097
3117343.430352672934532,1445385.880525469779968,69,Inca Mexican Restaurant,2413 South College Avenue,Hotel-Restaurant,3098
3123615.389270514249802,1456628.409559935331345,70,Walmart Store #2729,1250 East Magnolia Street,Fermented Malt Beverage (off-premises),3099
3131952.919502273201942,1433592.189874485135078,71,Austin's American Grill,"2815 Harmony Road, Unit D",Hotel-Restaurant,3102
3117330.690224662423134,1457580.509688824415207,72,Pueblo Viejo Family Mexican Restaurant,185 North College,Hotel-Restaurant,3105
3108435.047256380319595,1434083.970386937260628,73,Seneca Liquors,1721 West Harmony,Retail Liquor Store,3106
3116810.200448170304298,1454105.679685592651367,74,Match-Ups,625 South Mason Street,Tavern,3107
3115399.590078860521317,1452467.110132068395615,75,Lory Student Center,Colorado State University,Brew Pub,3108
3126924.118873596191406,1433456.330242365598679,76,Uptown Liquors,"1833 East Harmony Road, #3",Retail Liquor Store,3109
3122308.030325293540955,1433711.721138596534729,77,Domenic's,"931 East Harmony Road, #3",Hotel-Restaurant,3111
3117589.567328900098801,1456018.264455378055573,78,JeJu Restaurant,238 South College Avenue,Hotel-Restaurant,3112
3124280.210119128227234,1434386.830355226993561,79,Premier Wine and Spirits,1414 East Harmony Road,Retail Liquor Store,3113
3118107.82777738571167,1435910.828292638063431,80,Chili House Oriental Cuisine,"4200 South College Avenue, Suite 110",Hotel-Restaurant,3114
3117743.690049037337303,1465713.309040397405624,81,Pobre Pancho's,1802 North College Avenue,Hotel-Restaurant,3115
3116786.940000146627426,1438961.339895486831665,82,Chipper's Lanes,217 West Horsetooth Road,Lodging & Entertainment,3116
3122287.050709277391434,1444065.100364238023758,83,Island Grill,"2601 South Lemay Avenue, Suite 12",Hotel-Restaurant,3117
3117691.741008996963501,1461163.439196169376373,84,Chipper's Lanes,830 North College Avenue,Lodging & Entertainment,3118
3117818.620673105120659,1443159.409915402531624,85,Nyala Ethiopian Cuisine,"2900 Harvard Street, Suite A",Hotel-Restaurant,3119
3112119.60025180876255,1444007.791100189089775,86,Mt. Everest Café,"1113 West Drake Road, #D54",Beer and Wine,3120
3113159.010236769914627,1444771.720012903213501,87,Pho Duy,"902 West Drake, #D1",Beer and Wine,3121
3117102.816000446677208,1446681.105966672301292,88,Wilbur's Total Beverage,"2201 South College Avenue, Suite 108",Retail Liquor Store,3122
3118561.960721805691719,1457119.539800390601158,89,Melting Pot,334 East Mountain Avenue,Hotel-Restaurant,3126
3117923.860625207424164,1433982.368882849812508,90,Buffalo Wild Wings,"150 East Harmony Road, Unit 2A",Hotel-Restaurant,3128
3128375.909594938158989,1444052.630252227187157,91,King Soopers #97,2602 South Timberline Road,Fermented Malt Beverage (off-premises),3133
3117804.090193092823029,1457693.479608938097954,92,Silver Grill Café,218 Walnut St,Hotel-Restaurant,3134
3122455.040533423423767,1453287.96938082575798,93,Lemay Liquors,"737 South Lemay Avenue, #B2",Retail Liquor Store,3135
3117095.740224435925484,1453838.159237340092659,94,Pizza Casbah,126 West Laurel Street,Hotel-Restaurant,3136
3117314.470112636685371,1456559.429703876376152,95,Drunken Monkey,151 South College Avenue,Tavern,3137
3111962.410267651081085,1444128.100236296653748,96,West End Pub,"1119 West Drake Road, Suite C-9",Tavern,3138
3108726.989256650209427,1457089.682904362678528,97,Inn at City Park,1734 West Mountain Avenue,Bed and Breakfast Permit,3139
3117237.449920564889908,1442300.090442597866058,98,Café Mexicali,2925 South College Avenue,Hotel-Restaurant,3141
3123066.739766001701355,1449288.759201109409332,99,East Moon Asian Bistro,1624 South Lemay Avenue,Hotel-Restaurant,3142
3111583.362795308232307,1452341.720627948641777,100,Road 34 Bike Bar,1213 West Elizabeth Street Unit A,Hotel-Restaurant,3143
3127037.709513694047928,1433635.790514528751373,101,Matador Mexican Grill,1823 East Harmony Road,Beer and Wine,3144
3122403.360197380185127,1453508.559493035078049,102,SAFEWAY STORE #876,731 South Lemay Avenue,Fermented Malt Beverage (off-premises),3146
3106731.690422788262367,1444585.502204731106758,103,Maya Cove,"2100 West Drake Road, Unit 1",Hotel-Restaurant,3151
3112348.070268020033836,1438731.570023268461227,104,Hibachi Japanese Steakhouse and Sushi Bar,1051 West Horsetooth Road,Hotel-Restaurant,3153
3113116.020172730088234,1444745.350316867232323,105,Vincent's,"902 West Drake Road, #4",Hotel-Restaurant,3157
3122141.610389143228531,1433234.700434148311615,106,Ryan's Sports Grill,925 East Harmony Road,Hotel-Restaurant,3159
3106776.450502827763557,1445208.070189297199249,107,SAFEWAY FUEL STATION #2913,2451 South Taft Hill Road,Fermented Malt Beverage (off-premises),3162
3124712.049799531698227,1433398.710274308919907,108,Homewood Suites by Hilton,1521 Oakridge Drive,Beer and Wine,3163
3117755.740881055593491,1426986.310044333338737,109,287 Craft Spirits,5846 South College Avenue,Retail Liquor Store,3167
3117615.45080092549324,1453955.989381447434425,110,DP Dough,634 South College Avenue,Beer and Wine,3169
3117818.620017111301422,1443159.409915402531624,111,Star of India,"2900 Harvard Road, Suite B",Hotel-Restaurant,3170
3122238.25061322748661,1443973.430604159832001,112,Moondance Wines & Spirits,"2601 South Lemay Avenue, #46",Retail Liquor Store,3171
3122716.500309675931931,1452239.688995853066444,113,Thirsty's Liquor,1001 South Lemay,Retail Liquor Store,3172
3117314.2804806381464,1456055.91955940425396,114,Chocolate Café (The),102 West Olive,Hotel-Restaurant,3173
3117615.549888923764229,1451414.08928307890892,115,CAFE VINO,1200 South College Avenue,Hotel-Restaurant,3175
3115943.270095363259315,1449818.559665590524673,116,Panino's Restaurant,310 West Prospect Road,Hotel-Restaurant,3178
3132634.519182905554771,1433274.110786184668541,117,Cambria Suites,2921 East Harmony Road,Hotel-Restaurant,3180
3107015.10127104818821,1452486.001828074455261,118,Sri Thai Restaurant,950 South Taft Hill Road,Hotel-Restaurant,3181
3132669.219246938824654,1435386.420548155903816,119,Target Store T-2403,2936 Council Tree Avenue,Fermented Malt Beverage (off-premises),3182
3132204.60011051595211,1434737.280435547232628,120,Café Athens,"2842 Council Tree Avenue, #149",Hotel-Restaurant,3191
3130427.249980852007866,1433985.470594853162766,121,Smashburger,"2550 East Harmony Road, #100",Beer and Wine,3195
3129729.639500200748444,1433990.650690853595734,122,MASA HIBACHI,"2400 East Harmony Road, Suite 102",Hotel-Restaurant,3198
3117344.410656675696373,1456832.179160133004189,123,Sonny Lubick Steakhouse,115 South College Avenue,Hotel-Restaurant,3200
3116057.000511467456818,1455380.510150775313377,124,Lucile's,400 South Meldrum,Hotel-Restaurant,3201
3117932.950161218643188,1458093.480121299624443,125,Rodizio Grill,200 Jefferson Street,Hotel-Restaurant,3202
3117659.359840959310532,1450103.28940986096859,126,"Wild Boar, The",1510 South College Avenue,Hotel-Restaurant,3203
3127277.769737914204597,1433435.870642334222794,127,Romano's Macaroni Grill,4627 South Timberline Road,Hotel-Restaurant,3204
3116857.400816217064857,1449812.139393597841263,128,SUH SUSHI,200 West Prospect,Beer and Wine,3205
3111008.210730776190758,1452681.359700262546539,129,Mo Jeaux's Bar and Grill,820 City Park Avenue,Tavern,3208
3108702.960760623216629,1455881.689271241426468,130,City Park Nine Golf,411 South Bryan Avenue,Optional Premise,3210
3117029.990688383579254,1456549.149863868951797,131,Tasty Harmony,160 West Oak Street,Hotel-Restaurant,3211
3140495.669814229011536,1454655.729766100645065,132,Donoho's Beer and Spirits,"4562 Denrose Court, #6",Retail Liquor Store,3213
3117119.719840466976166,1444834.040748953819275,133,Loaf 'N Jug #19,150 West Drake,Fermented Malt Beverage (off-premises),3214
3117618.520672932267189,1456202.160087540745735,134,Old Town Liquor,"214 South College Avenue, Unit 1",Retail Liquor Store,3215
3132219.109262526035309,1434044.450786903500557,135,Famous Dave's Bar-b-que,2880 East Harmony Road,Hotel-Restaurant,3219
3117694.100256994366646,1443160.230779394507408,136,La Creperie of Fort Collins,2722 South College Avenue,Beer and Wine,3220
3111962.410267651081085,1444128.100236296653748,137,Pulcinella Pizzeria,"1119 West Drake Road, C12",Beer and Wine,3222
3117145.280160486698151,1457119.639864400029182,138,Snooze,144 West Mountain Avenue,Hotel-Restaurant,3224
3118067.791105344891548,1459114.249722257256508,139,Northside Aztlan Community Center,112 East Willow,Hotel-Restaurant,3225
3112944.199980571866035,1439296.82053579390049,140,7-Eleven #26933,970 West Horsetooth Road,Fermented Malt Beverage (off-premises),3226
3111648.15039536356926,1444863.650268986821175,141,CAFÉ RAINTREE ATHLETIC CLUB,2555 South Shields Street,Lodging & Entertainment,3227
3117314.250288635492325,1457559.489720806479454,142,Moe's Original Bar-B-Que Ft. Collins,181 North College Avenue,Hotel-Restaurant,3228
3128657.910011202096939,1444195.870780363678932,143,Fabby's Wine and Spirits,"2608 SOUTH TIMBERLINE ROAD, #112",Retail Liquor Store,3229
3117361.690160691738129,1444645.380700781941414,144,Larkburger,2539 South College Avenue,Beer and Wine,3230
3118209.710769474506378,1457483.009224742650986,145,Surfside Seven Café,238 Linden Street,Hotel-Restaurant,3231
3117618.480000928044319,1456255.509383589029312,146,Stuft,210 South College Avenue,Hotel-Restaurant,3232
3111962.770507663488388,1452548.769748136401176,147,Krazy Karl's Pizza,1124 West Elizabeth Street,Beer and Wine,3233
3115854.869999289512634,1457119.279304400086403,148,Edwards House Bed & Breakfast,402 West Mountain Avenue,Bed and Breakfast Permit,3234
3124728.159671545028687,1439013.160007536411285,149,CB & Potts at Collindale Golf Course,1441 East Horsetooth Road,Hotel-Restaurant,3236
3111962.410267651081085,1444128.100236296653748,150,Ram Liquor,1119 West Drake Road #C-34,Retail Liquor Store,3237
3117863.570385158061981,1457598.678936839103699,151,"Forge Publick House, The",232 Walnut Street,Beer and Wine,3241
3131399.339245766401291,1434798.619875609874725,152,RJ's Wine & Spirits,"4321 Corbet Drive, Suite #100",Retail Liquor Store,3245
3111066.430442824959755,1452304.720035910606384,153,Fuzzy's Taco Shop,"1335 West Elizabeth Street, #125",Hotel-Restaurant,3247
3118215.800321474671364,1466058.149888724088669,154,King Soopers #99,1842 North College Avenue,Fermented Malt Beverage (off-premises),3249
3117102.211008444428444,1454015.299621507525444,155,"Mayor of Old Town, The",632 South Mason Street,Hotel-Restaurant,3250
3118176.369953438639641,1437185.249957829713821,156,La Luz Mexican Grill,"140 East Boardwalk Drive, Unit H & I",Hotel-Restaurant,3253
3123701.329702585935593,1433685.969874575734138,157,Carrabba's Italian Grill,1212 Oakridge Drive,Hotel-Restaurant,3257
3118084.990545362234116,1438922.740247443318367,158,"Cellar, The","3600 Mitchell Drive, Suite 90",Retail Liquor Store,3260
3117357.253472685813904,1457283.715640544891357,159,Jax Fish House,123 North College Avenue,Hotel-Restaurant,3262
3115751.570671185851097,1455264.919494673609734,160,Sapphire Events,417 West Magnolia,Hotel-Restaurant,3264
3117417.86032073199749,1435824.070580556988716,161,Tokyo Joe's,100 West Troutman Parkway,Hotel-Restaurant,3265
3118825.230530053377151,1439529.010360017418861,162,Fort Collins Marriott Hotel,350 East Horsetooth Road,Hotel-Restaurant,3269
3120579.620067685842514,1455532.789366915822029,163,JB's Convenience Store,710 East Magnolia Street,Retail Liquor Store,3273
3111648.15039536356926,1444863.650268986821175,164,Simply Thai,"2531 South Shields Street, 2-M",Beer and Wine,3276
3118473.280785724520683,1465668.689696356654167,165,Serious Texas Bar-B-Q,"1820 North College Avenue, Unit 180",Hotel-Restaurant,3277
3117145.069856479763985,1449411.770113214850426,166,Black Bottle Brewery,"1611 South College Avenue, 1605/1609",Brew Pub,3281
3117032.180320382118225,1456827.759544119238853,167,Pinot's Palette,159 West Mountain Avenue,Beer and Wine,3283
3106757.584726810455322,1452784.374916359782219,168,Cheba Hut Toasted Subs,"925 South Taft Hill Road, #6",Hotel-Restaurant,3284
3117615.660448923707008,1453794.229525297880173,169,Cheba Hut Toasted Subs,104 East Laurel Street,Hotel-Restaurant,3285
3117719.994225025177002,1435282.866948053240776,170,Applebee's Neighborhood Grill and Bar,4306 South College Avenue,Hotel-Restaurant,3293
3118102.44097737967968,1457385.409688651561737,171,"Blind Pig Pub, The",214 Linden Street,Hotel-Restaurant,3294
3101921.642946302890778,1449741.633633524179459,172,Liquor Kabinet,3035 West Prospect Road,Retail Liquor Store,3295
3131335.069693699479103,1434040.020674899220467,173,BJ's Restaurant & Brewhouse,2670 East Harmony Road,Hotel-Restaurant,3296
3128604.779547154903412,1444196.390460357069969,174,William Oliver's Publick House,"2608 South Timberline Road, Suite 108",Tavern,3297
3116887.999168246984482,1433029.161809965968132,175,Walmart Market #3177,4625 South Mason Street,Fermented Malt Beverage (off-premises),3304
3117652.080976963043213,1453608.509749129414558,176,Fat Shack,"706 South College Avenue, Suite 102",Hotel-Restaurant,3306
3117347.869968667626381,1457867.049465090036392,177,Scrumpy's,"215 North College Avenue, Unit A",Hotel-Restaurant,3308
3117813.8805291056633,1457100.529016375541687,178,Social,1 Old Town Square Suite 7,Hotel-Restaurant,3310
3111766.264011472463608,1452337.356131941080093,179,JAWS Sushi,1205-A West Elizabeth Street,Hotel-Restaurant,3311
3117836.73054513335228,1461035.63958004117012,180,Poudre Liquors,814 North College Avenue,Retail Liquor Store,3312
3117357.690496683120728,1443902.260460093617439,181,Tortilla Marissa's,2635 South College Avenue,Hotel-Restaurant,3313
3117615.430128917098045,1453884.519701391458511,182,"Colorado Room, The",642 South College Avenue,Hotel-Restaurant,3314
3116678.303728044033051,1433412.635778322815895,183,El Pueblito,"4619 South Mason Street, Unit C-8",Hotel-Restaurant,3315
3117344.240720674395561,1456760.289208069443703,184,"Mainline, The",125 South College Avenue,Hotel-Restaurant,3320
3122407.250597387552261,1433306.940786212682724,185,Fish's Liquor Mart,1007 East Harmony Road,Retail Liquor Store,3325
3117832.900497123599052,1433686.360626578330994,186,Harmony Liquor,"115 East Harmony Road, #100",Retail Liquor Store,3329
3117677.110128983855247,1457676.779512912034988,187,"Welsh Rabbit Cheese Bistro, The","200 Walnut Street, Unit B",Hotel-Restaurant,3330
3132523.21921481192112,1433564.589874461293221,188,Fuzzy's Taco Shop,"2909 East Harmony Road, #100",Hotel-Restaurant,3331
3117329.229920655488968,1456348.689319685101509,189,Blue Agave Grill,"201 South College Avenue, Suite 100",Hotel-Restaurant,3332
3112975.480092599987984,1452826.769188404083252,190,Ovations at Bob Davis Banquet Hall,951 West Plum Street,Beer and Wine,3333
3117593.310096904635429,1457117.329832389950752,191,"Kitchen, The",100 North College/106 East Mountain,Hotel-Restaurant,3338
3118164.230225428938866,1457334.949816599488258,192,Illegal Pete's,320 Walnut Street,Hotel-Restaurant,3339
3117593.310096904635429,1457117.329512387514114,193,Pinball Jones,107 Linden Street,Beer and Wine,3341
3122659.610341623425484,1443620.30073182284832,194,Rise! A Breakfast Place,"2601 South Lemay Avenue, #31",Hotel-Restaurant,3343
3117106.417696446180344,1433070.25195400416851,195,Neighborhood Liquor,"4631 South Mason Street, Suite B2",Retail Liquor Store,3346
3117037.730176389217377,1445463.560173541307449,196,Mulligans Pub and Sports Club,2439 South College Avenue,Hotel-Restaurant,3348
3129811.409676283597946,1433992.720578864216805,197,Zquila Mexican Restaurant,"2400 East Harmony, Suite 101",Hotel-Restaurant,3349
3117876.790497168898582,1439715.250472187995911,198,Trader Joe's #304,"3500 South College Avenue, #110",Fermented Malt Beverage (off-premises),3353
3121982.35021299123764,1433729.620386615395546,199,La Buena Vida,"901 East Harmony Road, Unit 140",Hotel-Restaurant,3358
3112098.93297179043293,1452267.302131876349449,200,Butters A.M. Eatery,1103 WEST ELIZABETH STREET,Hotel-Restaurant,3360
3117734.650689035654068,1436819.500677496194839,201,3 Margaritas,4010 South College Avenue,Hotel-Restaurant,3361
3122301.110725283622742,1444141.140572309494019,202,"Fox and The Crow, The","2601 SOUTH LEMAY AVENUE, SUITE 9",Beer and Wine,3362
3112146.309835836291313,1454869.769046306610107,203,7-Eleven Store 13171A,505 South Shields Street,Fermented Malt Beverage (off-premises),3374
3106777.23823082447052,1452596.057060182094574,204,Everyday Stores,949 South Taft Hill Road,Fermented Malt Beverage (off-premises),3377
3122944.099589884281158,1449566.759633362293243,205,7-Eleven #26927B,1600 South Lemay Avenue,Fermented Malt Beverage (off-premises),3379
3117069.10051241517067,1456827.649320125579834,206,Bask Salon,153 West Mountain Avenue,Beer and Wine,3380
3118268.480657532811165,1457603.679912850260735,207,Downtown Artery,254 Linden Street,Lodging & Entertainment,3383
3117349.480208680033684,1448867.669824704527855,208,Totally 80's Pizza,1717 South College Avenue,Beer and Wine,3384
3117341.880480661988258,1457805.399657040834427,209,City Drug,209 North College Avenue,Retail Liquor Store,3385
3117614.230336919426918,1451813.598979458212852,210,Nick's of Fort Collins,1100 South College Avenue,Hotel-Restaurant,3387
3117344.260736674070358,1456880.359832167625427,211,Rare Italian,101 South College Avenue,Hotel-Restaurant,3389
3106846.576678887009621,1451728.850787371397018,212,McClellan's Brewing Company,1035 South Taft Hill Road,Brew Pub,3392
3123066.739766001701355,1449288.759201109409332,213,Dungeons & Drafts,"1624 South Lemay Avenue, Unit 6",Tavern,3393
3117292.190624624490738,1426134.940363541245461,214,Matt's Place,6013 South College Avenue,Tavern,3395
3117592.710032895207405,1455225.589862629771233,215,Mulberry Max Wine & Spirits,"460 South College Avenue, Suite G",Retail Liquor Store,3396
3117666.390656962990761,1441846.159914165735245,216,Empire Fast Fuels,3038 South College Avenue,Fermented Malt Beverage (off-premises),3401
3117371.14236868917942,1457195.173976466059685,217,"Cooking Studio Fort Collins, The","123 North College Avenue, Suite 130",Beer and Wine,3403
3117032.180320382118225,1456827.759544119238853,218,Slyce Pizza Co,163 West Mountain Avenue,Beer and Wine,3404
3118493.749905735254288,1458310.749369502067566,219,Wolverine Farm Letterpress & Publick House,316 Willow Street,Beer and Wine,3411
3112051.140411734580994,1452613.789300203323364,220,THE MARMOT,"829 South Shields Street, #100",Brew Pub,3415
3118147.579985424876213,1457438.489960700273514,221,Velvet Files,224 Linden Street,Beer and Wine,3416
3117353.430336683988571,1449064.50966489315033,222,"Perfect Pour, The",1671 South College Avenue,Retail Liquor Store,3419
3117712.670433014631271,1440030.42996047437191,223,LongHorn Steakhouse #5550,3450 South College Avenue,Hotel-Restaurant,90826
3123067.278485998511314,1433357.169346272945404,224,Painting with a Twist,"1112 Oakridge Drive, Suite 107",Beer and Wine,90828
3118804.189890027046204,1440668.290553078055382,225,Bar Louie,321 East Foothills Parkway,Hotel-Restaurant,90952
3132523.21921481192112,1433564.589874461293221,226,Tom and Chee,"2909 East Harmony Road, #102",Beer and Wine,91412
3128159.169546738266945,1448071.389919966459274,227,"Farmhouse at Jessup Farm, The",1957 Jessup Drive,Hotel-Restaurant,91562
3123066.739766001701355,1449288.759201109409332,228,Loyalty Liquors,1630 South Lemay Avenue Suite 7,Retail Liquor Store,91739
3118900.750722125172615,1440416.270392835140228,229,Cinemark Movie Bistro Foothills Mall,335 East Foothills Parkway,Beer and Wine,91750
3128805.099691346287727,1434024.920306891202927,230,Chipotle Mexican Grill,"2120 East Harmony Road, Suite 107",Hotel-Restaurant,91813
3106432.856374502182007,1452122.742707744240761,231,King Soopers Div No 9,1015 South Taft Hill Road,Fermented Malt Beverage (off-premises),91814
3117615.239840924739838,1453644.139941155910492,232,rBar,105 & 107 Esat Laurel Street,Hotel-Restaurant,91826
3117623.990160927176476,1457344.859896600246429,233,High Point Bar,146 North College Avenue,Tavern,91859
3124940.229463741183281,1432749.940913707017899,234,"Lodge at MacKenzie Place, The",4751 Pleasant Oak Drive,Lodging & Entertainment,91876
3125111.229447901248932,1433019.180193945765495,235,MacKenzie Place,4750 Pleasant Oak Drive,Hotel-Restaurant,91891
3117107.670320451259613,1438765.4501993060112,236,Cottonwood Liquors,"3645 South College Avenue, #9",Retail Liquor Store,91894
3116331.220767721533775,1438624.540375173091888,237,AMC CLASSIC FORT COLLINS 10,3636 Manhattan Avenue,Beer and Wine,91907
3131415.299181774258614,1434537.7906753718853,238,Suehiro Japanese Restaurant,"4431 Corbett Drive, Suite 104",Hotel-Restaurant,91912
3117036.860096380114555,1457314.949528574943542,239,Ramen Master,144 North Mason Street #8,Hotel-Restaurant,91929
3117849.710513144731522,1439540.420440018177032,240,Square Beverage,"3500 South College Avenue, Unit #116",Retail Liquor Store,92029
3117618.840560927987099,1456081.939527437090874,241,URBAN EGG,230 South College Avenue,Hotel-Restaurant,92030
3123006.339957937598228,1433104.260402023792267,242,Otto Pint,1100 Oakridge Drive Unit A,Hotel-Restaurant,92031
3115821.070207253098488,1455580.019926965236664,243,"Lost Cajun, The","331 South Meldrum Street, Suite 100",Hotel-Restaurant,92089
3118686.770177915692329,1440486.760408908128738,244,Casa Del Matador,"341 East Foothills Parkway, Suite 110",Hotel-Restaurant,92091
3110205.937082022428513,1452309.397523909807205,245,C & C LIQUOR,"1501 West Elizabeth Street, Suite D",Retail Liquor Store,92451
3132188.519422501325607,1433301.710802212357521,246,Hilton Garden Inn Fort Collins,2821 East Harmony Road,Hotel-Restaurant,92559
3117045.340064391493797,1449603.330097392201424,247,Music City Hot Chicken,"111 West Prospect Road, #B & C",Hotel-Restaurant,92566
3117080.430544421076775,1456107.529031455516815,248,"Waffle Lab, The","130 West Olive Street, #D",Hotel-Restaurant,92573
3131996.909566313028336,1434710.620707526803017,249,Himalayan Bistro,"2720 Council Tree Avenue, Suite 184",Hotel-Restaurant,92614
3128256.77957883477211,1448138.29923203587532,250,Cacciatore at Heller's Kitcher,"1939 Jessup Drive, Suite 110",Hotel-Restaurant,92653
3118612.990481853485107,1440564.010904982686043,251,BAD DADDY'S BURGER BAR,"347 EAST FOOTHILLS PARKWAY, #110",Hotel-Restaurant,92679
3118768.37041799724102,1440726.340633124113083,252,Grimaldi's Pizzeria,"327 East Foothills Parkway, Suite 110",Hotel-Restaurant,92732
3117703.090385004878044,1440583.730024993419647,253,Smashburger #1420,"3300 South College Avenue, Unit #110",Beer and Wine,92750
3117313.990768641233444,1455800.440087169408798,254,Tap and Handle,307 South College Avenue,Beer and Wine,92751
3117706.349905014038086,1440678.570393085479736,255,Torchy's Tacos,"3280 South College AVenue, #130",Hotel-Restaurant,92795
3122716.880229666829109,1452099.819203719496727,256,Wing Shack,1011 South Lemay Avenue,Beer and Wine,92828
3115950.570927366614342,1449397.869553208351135,257,Hilton Fort Collins,425 West Prospect,Hotel-Restaurant,92854
3117174.780432507395744,1456080.799751430749893,258,CHOICE CITY WINGS,120 West Olive Street,Hotel-Restaurant,93064
3110811.190794587135315,1452321.69179593026638,259,7-Eleven Store 35880B,1401 West Elizabeth Street,Fermented Malt Beverage (off-premises),93065
3117698.750176995992661,1441352.400409713387489,260,Zoe's Kitchen,"3100 South College Avenue, Suite 130",Beer and Wine,93091
3112381.710620045661926,1445334.67065341770649,261,MOD Pizza,1013 Centre Avenue,Beer and Wine,93150
3117314.370048642158508,1457385.349320650100708,262,"Still Whiskey Steaks, The",151 North College Avenue,Hotel-Restaurant,93270
3117314.2804806381464,1456055.91955940425396,263,HuHot Mongolian Grill,249 South College Avenue,Hotel-Restaurant,93311
3117039.780688390135765,1449323.349361136555672,264,Bawarchi,"1611 South College Avenue, Suite 100",Hotel-Restaurant,93328
3112764.910636410117149,1438868.570407405495644,265,Bison Liquors,"1015 West Horsetooth Road, #101",Retail Liquor Store,93346
3118729.310129955410957,1440761.060057163238525,266,Smokin Fins Restaurant,"327 East Foothills Parkway, #120",Hotel-Restaurant,93349
3117104.830768451094627,1459170.339514300227165,267,Sapphire Events,408 Mason Court,Hotel-Restaurant,93511
3111574.140715301036835,1444572.010444715619087,268,Tokyo Joe's,"2519 South Shields Street, Suite C",Hotel-Restaurant,93565
3117705.700945004820824,1440470.890360891819,269,Nail Bar & Co,"3300 South College Avenue, Unit 150",Beer and Wine,93624
3128650.10983519256115,1443720.169947922229767,270,Krazy Karls Pizza,"2620 South Timberline Avenue, Unit D5",Beer and Wine,93627
3111361.880635097622871,1452628.149188220500946,271,Dragon Lee Restaurant,1232 West Elizabeth Street,Beer and Wine,93820
3128316.329658895730972,1443564.520331770181656,272,Muddled Mango,"2638 South Timberline Road, Unit 200",Hotel-Restaurant,94071
3117313.819840639829636,1457473.009896725416183,273,Hodi's Half Note,167-169 North College Avenue,Tavern,94098
3117353.430336683988571,1449086.040128916501999,274,Taqueria Express,1669 South College Avenue,Hotel-Restaurant,94109
3116852.030416205525398,1454879.969814315438271,275,Harbinger Coffee,"505 South Mason Street, Suite 100",Beer and Wine,94187
3117966.879889249801636,1457526.999944776296616,276,Locks and Manes,217 B Linden Street,Beer and Wine,94216
3117224.660576552152634,1457851.13972108066082,277,Washington's,132 Laporte Avenue,Lodging & Entertainment,94288
3113986.334877535700798,1450953.627410650253296,278,CANVAS STADIUM AT SONNY LUBICK FIELD,751 WEST PITKIN STREET,Hotel-Restaurant,94472
3129482.719387978315353,1433960.170450821518898,279,RALLY 5,"2310 East Harmony Road, Suite 101",Hotel-Restaurant,94776
3118196.59072145819664,1464956.549727693200111,280,Elevated Sandwiches,"1612 North College AVenue, Unit K",Beer and Wine,95022
3135747.819393813610077,1433667.380018562078476,281,DC Oakes Brehouse and Eatery,"3581 East Harmony Road, Suite 110",Brew Pub,95027
3127855.839770466089249,1447676.129231601953506,282,Serious Texas Bar-B-Q,2001 South Timberline Road,Hotel-Restaurant,95028
3123458.029014363884926,1433579.420546472072601,283,Courtyard by Marriott - Fort Collins,1200 Oakridge Drive,Hotel-Restaurant,95086
3123462.439430370926857,1432903.140401840209961,284,Residence Inn by Marriott,1127 Oakridge Drive,Beer and Wine,95087
3117314.2804806381464,1456055.91955940425396,285,Armstrong Hotel/Ace Gillette's,259 South College Avenue,Hotel-Restaurant,95100
3135892.349617943167686,1433661.740594550967216,286,Tokyo Joe's,"3581 east Harmony Road, Suite 150",Beer and Wine,95134
3111449.380459174513817,1452563.24938015639782,287,Pinball Jones Campus West,"1228 WEst Elizabeth Street, D1, D2",Tavern,95159
3128653.29978720843792,1444038.620108217000961,288,Genoa Coffee & Wine,"2614 South Timberline Road, #101",Beer and Wine,95242
3112596.619964241981506,1439036.059895560145378,289,Sazerac New Orleans Bistro,"1003 West Horsetooth Road, A/B",Hotel-Restaurant,95271
3117919.170337200164795,1436821.810053497552872,290,Taps Sports Bar,165 Boardwalk Drive,Hotel-Restaurant,95278
3106537.505206599831581,1451903.967299535870552,291,Justine's Pizza Fort Collins,"1015 SOUTH TAFT HILL ROAD, SUITE I",Beer and Wine,95280
3120699.70021179318428,1434004.800274863839149,292,7-Eleven Store 25290J,4543 Boardwalk Drive,Fermented Malt Beverage (off-premises),95348
3118575.660497814416885,1440602.210633009672165,293,"Hop Grenade Taproom, The",347 EAST FOOTHILLS PARKWAY UNIT #120,Beer and Wine,95477
3121513.290772557258606,1433683.420018568634987,294,Outback Steakhouse,807 EAST HARMONY ROAD,Hotel-Restaurant,95499
3135747.819393813610077,1433667.380018562078476,295,DC Oakes Brewhouse and Eatery,"3581 EAST HARMONY ROAD, SUITE 110",Brew Pub,95512
3117156.920560494065285,1453778.989397287368774,296,DAM GOOD TACOS,120 1/2 WEST LAUREL STREET,Beer and Wine,95619
3117440.570576757192612,1448532.340112403035164,297,SNACK ATTACK SPECIALTY SANDIWCHES & BREWS,"120 WEST STUART STREET, UNIT A",Beer and Wine,95773
3118418.05057767033577,1458072.699641287326813,298,GINGER AND BAKER,359 LINDEN STREET,Hotel-Restaurant,96023
3135568.219681635499001,1433678.230722561478615,299,FAMOUS TOASTERY,"3541 EAST HARMONY ROAD, SUITE 110",Hotel-Restaurant,96375
3110205.937082022428513,1452309.397523909807205,300, SERIOUS TEXAS BAR-B-Q,1501 WEST ELIZABETH UNIT 5,Hotel-Restaurant,96376
3117616.52068892121315,1452818.329908385872841,301,AVUNCULAR BOB'S BEERHOUSE,830 SOUTH COLLEGE AVENUE,Beer and Wine,96377
3117364.80990469455719,1453807.23934930562973,302,PIZZAREV,649 SOUTH COLLEGE AVENUE,Beer and Wine,96378
3118302.700417563319206,1457211.289624482393265,303,THE ELIZABETH HOTEL,111 CHESTNUT STREET,Hotel-Restaurant,96379
3106432.856374502182007,1452122.742707744240761,304,WHITE TREE,1015 SOUTH TAFT HILL ROAD UNIT S,Beer and Wine,96397
3117231.908576563000679,1455893.781767249107361,305,BRAVE NEW WHEEL,111 WEST OLIVE STREET,Beer and Wine,96413
3128316.329658895730972,1443564.520331770181656,306,MAC'D,"2638 SOUTH TIMBERLINE ROAD, UNIT 120",Hotel-Restaurant,96507
3110791.700010567903519,1452326.407331928610802,307,COSMO'S PIZZA,"1401 WEST ELIZABETH STREET, UNIT 130",Beer and Wine,96608
3122602.580261573195457,1457798.080121025443077,308,RED TRUCK BREWERY,1020 EAST LINCOLN AVENUE,Brew Pub,96876
3116675.52518405020237,1433583.035042479634285,309,SAMMY'S BREAKFAST BAR,4613 SOUTH MASON,Hotel-Restaurant,97519
3117919.170337200164795,1436821.810053497552872,310,SUH SUSHI & KOREAN BBQ,165 EAST BOARDWALK DRIVE,Hotel-Restaurant,97658
3117941.12993723154068,1457213.629192486405373,311, BONDI BEACH BAR AND GRILL,"11 OLD TOWN SQUARE, SUITE 120",Tavern,97749
3117571.59459288418293,1457874.23744909465313,312,"PIZZA PRESS FOCO, THE","216 NORTH COLLEGE AVENUE, SUITE 120",Beer and Wine,97765
3117420.690368741750717,1462645.19969354569912,313,"LYRIC, THE",1209 NORTH COLLEGE AVENUE,Lodging & Entertainment,97871
3118133.190913408994675,1457073.83943235874176,314,"ARMORY, THE",262 EAST MOUNTAIN AVENUE,Lodging & Entertainment,98444
3106757.584726810455322,1452784.374916359782219,315,EMPORIUM SPORTS BAR,"925 SOUTH TAFT HILL ROAD, SUITE 1",Hotel-Restaurant,98450
3111007.95057076215744,1452545.869828134775162,316,YUM YUM RESTAURANT/MA'S JUICE BAR,1300 WEST ELIZABETH STREET,Hotel-Restaurant,98515
3117678.425744980573654,1457967.214617192745209,317,STEAMIES BURGER BAR,"234 NORTH COLLEGE AVENUE, SUITE B2",Hotel-Restaurant,98640
3117941.12993723154068,1457213.629192486405373,318,BONDI BEACH BAR AND GRILL,11 OLD TOWN SQUARE #120,Tavern,98667
3112152.790795832872391,1452516.309508115053177,319, QDOBA MEXICAN EATS STORE 2053,1104 WEST ELIZABETH STREET,Hotel-Restaurant,98668
3123277.479174196720123,1455328.579798728227615,320,QDOBA MEXICAN EATS STORE 2291,"1281 EAST MAGNOLIA STREET, UNIT 5",Hotel-Restaurant,98671
3112103.960187792778015,1444893.669901013374329,321,QDOBA MEXICAN EATS 2307, 2513 SOUTH SHIELDS STREET,Hotel-Restaurant,98673
3131833.347230166196823,1434517.848131343722343,322,BANN THAI RESTAURANT,2721 COUNCIL TREE AVENUE SUITE #137,Hotel-Restaurant,98688
3101818.590994209051132,1449779.889457568526268,323,7-ELEVEN STORE 35506J,3045 WEST PROSPECT ROAD,Fermented Malt Beverage (off-premises),98734
3111574.140715301036835,1444572.010444715619087,324,SIMMER,"2519 SOUTH SHEILDS STREET, SUITE 1F",Hotel-Restaurant,98769
3118064.7402573376894,1457660.479992896318436,325,CORINA'S PIZZA,241 LINDEN STREET,Beer and Wine,98858
3112764.970012411475182,1438713.190471261739731,326,GAME DAY SPORTS GRILL,"1027 WEST HORSETOOTH ROAD, SUITE 111",Hotel-Restaurant,98904
3117344.189856663346291,1456795.69924008846283,327,LULU ASIAN BISTRO,117 SOUTH COLLEGE AVENUE,Hotel-Restaurant,98905
3121870.080420881509781,1432343.830497324466705,328,MIRAMONT BY GENESIS,901 OAKRIDGE DRIVE,Lodging & Entertainment,98930
3111574.140715301036835,1444572.010444715619087,329,CANCUN MEXICAN GRILL,"2567 SOUTH SHEILDS STREET, SUITE 4D",Hotel-Restaurant,98934
3117687.70984098315239,1423206.510520815849304,330,7-ELEVEN STORE 32276B,6600 SOUTH COLLEGE AVENUE,Fermented Malt Beverage (off-premises),98935
3117556.898432865738869,1457986.659785211086273,331,VATOS TACOS AND TEQUILA,"234 NORTH COLLEGE AVENUE, UNIT 2A",Hotel-Restaurant,99008
3110205.937082022428513,1452309.397523909807205,332,TECATE GRILL,1501 WEST ELIZABETH STREET UNIT 2,Hotel-Restaurant,99009
3118205.140241473913193,1457866.329657092690468,333,UNION,250 JEFFERSON STREET,Hotel-Restaurant,99024
3117234.940736562013626,1443426.720075637102127,334,PANHANDLER'S PIZZA,"2721 SOUTH COLLEGE AVENUE, UNIT 4B",Beer and Wine,99046
3112119.60025180876255,1444007.791100189089775,335,ALTA #6130,1113 WEST DRAKE ROAD,Fermented Malt Beverage (off-premises),99093
3135910.579233959317207,1433597.070770487189293,336,MIDICI FT COLLINS CO,3581 EAST HARMONY ROAD #170,Beer and Wine,99157
3117207.362048536539078,1435070.754835858941078,337,TARGET STORE T-0079,105 WEST TROUTMAN PARKWAY,Fermented Malt Beverage (off-premises),99210
3118004.780737280845642,1457570.42997682094574,338,SUSHI ZENSAI LINDEN,223 LINDEN STREET,Hotel-Restaurant,99334
3139448.728981256484985,1454565.275558024644852,339,"MAVERIK, INC. #520",651 S.E. FRONTAGE ROAD,Fermented Malt Beverage (off-premises),99433
3131970.930302292108536,1434034.511506900191307,340,URBAN BRICKS PIZZA BAR,2860 EAST HARMONY ROAD SUITE 110,Hotel-Restaurant,99440
3117037.730176389217377,1445463.560173541307449,341,WINE AND LIQUOR SPECIALS,2439 SOUTH COLLEGE AVENUE,Retail Liquor Store,99477
3116881.68028824031353,1455274.169158682227135,342,THE 415,415 SOUTH MASON STREET,Hotel-Restaurant,99571
3117070.356752410531044,1446778.764222770929337,343,WHOLE FOODS MARKET,2201 SOUTH COLLEGE AVENUE,Fermented Malt Beverage (off-premises),99653
3117160.680720493197441,1456339.159479662775993,344,JAY'S BISTRO,135 WEST OAK STREET,Hotel-Restaurant,99657
3117289.180464625358582,1438693.880791231989861,345,SAFEWAY STORE #862,3660 SOUTH MASON STREET,Fermented Malt Beverage (off-premises),99814
3135817.689985871315002,1433656.10017853975296,346,TASTE AND SAVOR WINE BAR,"3581 EAST HARMONY ROAD, SUITE 130",Beer and Wine,99844
3123841.299574717879295,1449483.959281280636787,347,GENESIS HEALTH CLUBS,1307 EAST PROSPECT ROD,Lodging & Entertainment,99871
3117615.420624926686287,1454071.510149553418159,348,THAI STATION,626 SOUTH COLLEGE AVENUE,Hotel-Restaurant,100172
3117421.133280739188194,1435475.874756246805191,349,OREGANO'S PIZZA BISTRO,4235 SOUTH COLLEGE AVENUE,Hotel-Restaurant,100291
3117030.110432371497154,1453837.539477333426476,350,METRO,130 WEST LAUREL,Hotel-Restaurant,100335
3118110.220817387104034,1438884.401079416275024,351,LIRANO WINE BAR,"3600 MITCHELL DR., #5",Tavern,100362
3117381.780336707830429,1448326.10889621078968,352,SIPS GRUB & PUB,"1801 SOUTH COLLEGE AVENUE, UNIT D",Hotel-Restaurant,100608
3117686.100592985749245,1442969.340747222304344,353,7-ELEVEN STORE 26803J,2800 SOUTH COLLEGE AVENUE,Fermented Malt Beverage (off-premises),100819
3118844.999858066439629,1457093.56972037255764,354,ALTA #6138,382 EAST MOUNTAIN AVENUE,Fermented Malt Beverage (off-premises),100820
3117032.180320382118225,1456827.759544119238853,355,THE REGIONAL,130 SOUTH MASON,Hotel-Restaurant,100949
3118488.492369741201401,1427909.22354918718338,356,WHETSTONE CLIMBING,220 SMOKEY STREET,Beer and Wine,101097
3122571.590821534395218,1443665.090667873620987,357,She She Nail & Wax Lounge,"2601 South Lemay Avenue, #26",Beer and Wine,3292
3112710.790668353438377,1434490.450547322630882,358,ENVY BREWING,1043 BITTERBRUSH LANE,Brew Pub,101487
3122658.569989621639252,1443665.090667873620987,359,THE GARLIC KNOT,"2601 SOUTH LEMAY, #30",Beer and Wine,101632
3121227.140756279230118,1433104.150178030133247,360,SAM'S CLUB #6633,4700 BOARDWALK,Fermented Malt Beverage (off-premises),101664
,,361,THE GOLD LEAF,"120 WEST LAUREL, UNIT A & B",Beer and Wine,101671
3120699.70021179318428,1434004.800274863839149,362,7-ELEVEN STORE 25290B,4543 BOARDWALK DRIVE,Fermented Malt Beverage (off-premises),102352
3122658.569989621639252,1443665.090667873620987,363,THE GARLIC KNOT,"2601 SOUTH LEMAY AVENUE, #30",Beer and Wine,102405
3117607.160464912652969,1457510.779176756739616,364,"VALERO, INC.",166 NORTH COLLEGE AVENUE,Fermented Malt Beverage (off-premises),102407
3118505.110769748687744,1440506.080584928393364,365,X GOLF,351 EAST FOOTHILLS PARKWAY,Lodging & Entertainment,102411
3132216.949822515249252,1434676.910483494400978,366,NORK MAKI BAR,"2842 COUNCIL TREE AVENUE, UNIT 173",Hotel-Restaurant,102471
3117314.2804806381464,1456055.91955940425396,367,CHOICE CITY BUTCHER & DELI,104 WEST OLIVE,Hotel-Restaurant,102479
3117615.240496918559074,1453644.139941155910492,368,THAI PEPPER,109 EAST LAUREL STREET,Beer and Wine,102801
3117314.2804806381464,1456055.91955940425396,369,MUGS COFFEE LOUNGE,261 SOUTH COLLEGE AVENUE,Hotel-Restaurant,102842
3108702.960760623216629,1455881.689271241426468,370,CITY PARK NINE GOLF COURSE,411 SOUTH BRYAN AVENUE,Optional Premise,102857
3129650.379820138216019,1433963.329890832304955,371,LOCALITY KITCHEN AND BAR,"2350 EAST HARMONY ROAD, SUITE 101",Hotel-Restaurant,102860
3117036.860096380114555,1457314.949528574943542,372,TOM KHA THAI ASIAN BISTRO,"144 NORTH MASON STREET, UNIT 8",Hotel-Restaurant,102862
3117160.800464496016502,1456092.779719442129135,373,DAE GEE #5,"120 WEST OLIVE STREET, SUITE 101",Hotel-Restaurant,102971
3118133.514065399765968,1435556.740740314126015,374,NATURAL GROCERS,4318 SOUTH COLLEGE AVENUE,Fermented Malt Beverage (off-premises),102984
3109716.420345559716225,1455693.209655061364174,375,CLUB TICO,1599 CITY PARK DRIVE,Hotel-Restaurant,103093
3111710.880587428808212,1445582.450349658727646,376,FORT COLLINS SENIOR CENTER,1200 RAINTREE DRIVE,Hotel-Restaurant,103094
3132044.749694362282753,1434711.960275530815125,377,STUDIO BE SALON,2720 COUNCIL TREE AVENUE #180,Beer and Wine,103118
3117770.390129074454308,1457328.509528592228889,378,STUDIO BE SALON,15 OLD TOWN SQUARE #131,Beer and Wine,103120
3118147.579985424876213,1457438.489960700273514,379,POUR BROTHERS,220 LINDEN STREET,Hotel-Restaurant,103244
3117618.520672932267189,1456333.979367658495903,380,AGGIE THEATRE,204 SOUTH COLLEGE AVENUE,Tavern,103254
3117202.660624533891678,1455111.269878521561623,381,LUCKY'S MARKET,425 SOUTH COLLEGE AVENUE,Fermented Malt Beverage (off-premises),103255
3135817.689985871315002,1433656.10017853975296,382,TASTE AND SAVOR WINE BAR,"3581 EAST HARMONY ROAD, SUITE 130",Beer and Wine,103278
